seed,metabolism,ticks,initial_population,total_population,living_population,dead_population,births,initial_organisms_that_died,food_remaining,food_consumption_events,energy_gained_from_food,metabolism_events,energy_consumed_by_metabolism,average_metabolic_cost_per_event,average_living_energy,average_living_age,average_dead_age,total_offspring,average_offspring_per_organism,maximum_generation
42,0.05,500,100,351,312,39,251,35,0,200,2391.399999999988,132936,6645.050000015415,0.049986835770712335,18.417788461538525,395.54487179487177,244.25641025641025,251,0.7150997150997151,4
43,0.05,500,100,358,317,41,258,37,0,200,2165.449999999987,135732,6784.550000015922,0.04998489670833644,16.97444794952684,394.2870662460568,262.0243902439024,258,0.7206703910614525,5
44,0.05,500,100,369,331,38,269,31,0,200,2662.6999999999907,138117,6904.000000016356,0.049986605559173426,17.39788519637468,389.1570996978852,244.89473684210526,269,0.7289972899728997,4
45,0.05,500,100,372,328,44,272,36,0,200,2672.0499999999893,137881,6892.050000016316,0.04998549473833462,17.621951219512223,385.9634146341463,256.47727272727275,272,0.7311827956989247,6
46,0.05,500,100,354,325,29,254,26,1,199,2649.1499999999905,136652,6831.20000001609,0.0499897549982151,17.90138461538469,398.68,244.17241379310346,254,0.7175141242937854,6
47,0.05,500,100,350,316,34,250,25,0,200,2721.6499999999887,135308,6763.800000015847,0.049988175126495456,18.853955696202608,400.69303797468353,255.55882352941177,250,0.7142857142857143,4
48,0.05,500,100,349,312,37,249,32,0,200,2347.699999999989,133326,6664.500000015487,0.04998649925757532,18.215384615384664,399.08012820512823,238.1891891891892,249,0.7134670487106017,4
49,0.05,500,100,361,319,42,261,39,0,200,1996.8499999999885,135677,6781.750000015914,0.04998452206354735,16.34827586206896,391.91222570532915,253.73809523809524,261,0.7229916897506925,4
50,0.05,500,100,373,337,36,273,29,0,200,2877.9499999999894,139884,6992.500000016678,0.049987847073408524,17.464243323442194,388.919881305638,244.94444444444446,273,0.7319034852546917,4
51,0.05,500,100,363,323,40,263,33,0,200,2884.4999999999886,136750,6835.600000016108,0.04998610603302456,18.727244582043404,391.75232198142413,255.35,263,0.7245179063360881,4
42,0.2,500,100,301,19,282,201,85,0,200,2929.8000000000093,63311,12624.600000010796,0.19940610636399356,16.06315789473606,463.89473684210526,193.25177304964538,201,0.6677740863787376,5
43,0.2,500,100,320,8,312,220,93,0,200,2931.4000000000106,64119,12784.20000001135,0.1993823983532393,18.39999999999917,495.25,192.81089743589743,220,0.6875,4
44,0.2,500,100,307,18,289,207,88,1,199,3107.4000000000096,64555,12875.800000011692,0.19945472852624416,12.866666666666053,424.6111111111111,196.9273356401384,207,0.6742671009771987,5
45,0.2,500,100,312,10,302,212,95,0,200,3316.800000000008,65548,13072.000000012391,0.19942637456539317,24.47999999999942,424,203.0066225165563,212,0.6794871794871795,6
46,0.2,500,100,301,17,284,201,90,1,199,3141.8000000000084,64663,12898.400000011774,0.19947110403185397,14.317647058823013,385.3529411764706,204.61971830985917,201,0.6677740863787376,5
47,0.2,500,100,298,15,283,198,90,3,197,3085.80000000001,64350,12835.200000011548,0.19945920745938692,16.70666666666594,453,203.37455830388691,198,0.6644295302013423,3
48,0.2,500,100,313,17,296,213,89,0,200,3298.6000000000113,65510,13064.800000012381,0.1994321477638892,13.752941176469907,439.5882352941176,196.07094594594594,213,0.6805111821086262,4
49,0.2,500,100,313,14,299,213,90,2,198,2834.800000000009,63623,12686.800000011008,0.1994058752339721,10.571428571427848,451,191.66889632107024,213,0.6805111821086262,5
50,0.2,500,100,311,14,297,211,91,0,200,3349.0000000000073,66155,13195.000000012851,0.19945582344513418,10.999999999999316,453.35714285714283,201.37373737373738,211,0.6784565916398714,4
51,0.2,500,100,321,20,301,221,87,0,200,3527.000000000008,66346,13231.200000013001,0.19942724504888013,14.789999999999324,438.7,191.26910299003322,221,0.6884735202492211,4
42,0.4,500,100,257,0,257,157,100,21,179,3069.2000000000135,32834,13069.19999999251,0.3980386185049799,,,127.75875486381322,157,0.6108949416342413,4
43,0.4,500,100,269,1,268,169,99,7,193,3500.600000000013,33912,13496.399999992127,0.3979830148617636,4.19999999999926,500,124.67164179104478,169,0.6282527881040892,5
44,0.4,500,100,271,3,268,171,99,3,197,3821.4000000000106,34599,13769.599999991873,0.3979768201390755,17.26666666666671,235,126.47014925373135,171,0.6309963099630996,3
45,0.4,500,100,266,1,265,166,100,17,183,3320.2000000000116,33278,13244.399999992354,0.39799266782836573,75.8000000000004,323,124.35849056603773,166,0.6240601503759399,6
46,0.4,500,100,257,1,256,157,99,12,188,3508.400000000009,33868,13480.199999992148,0.3980217314276647,28.200000000000202,500,130.34375,157,0.6108949416342413,4
47,0.4,500,100,261,2,259,161,99,5,195,3696.4000000000124,34352,13674.199999991974,0.39806124825314315,11.099999999999875,431,129.3050193050193,161,0.6168582375478927,5
48,0.4,500,100,266,2,264,166,99,5,195,3749.400000000013,34444,13708.199999991926,0.3979851352918339,20.59999999999946,485,126.79545454545455,166,0.6240601503759399,4
49,0.4,500,100,269,1,268,169,100,13,187,3156.0000000000136,33053,13154.399999992444,0.3979790034185231,1.6000000000000396,71,123.06716417910448,169,0.6282527881040892,4
50,0.4,500,100,270,0,270,170,100,7,193,3776.0000000000136,34616,13775.999999991876,0.3979662583773942,,,128.2074074074074,170,0.6296296296296297,4
51,0.4,500,100,268,2,266,168,99,4,196,4013.0000000000095,35103,13975.999999991687,0.39814260889358993,18.499999999999716,303,129.68796992481202,168,0.6268656716417911,4
42,0.6,500,100,234,0,234,134,100,33,167,3226.399999999993,22100,13226.400000005073,0.5984796380092793,,,94.44444444444444,134,0.5726495726495726,5
43,0.6,500,100,236,0,236,136,100,30,170,3371.1999999999925,22343,13371.200000005168,0.5984514165512764,,,94.67372881355932,136,0.576271186440678,5
44,0.6,500,100,229,2,227,129,98,27,173,3485.3999999999924,22460,13446.000000005206,0.5986642920750315,19.699999999999932,500,94.53744493392071,129,0.5633187772925764,3
45,0.6,500,100,236,2,234,136,98,15,185,3664.5999999999935,22785,13638.40000000532,0.5985692341455046,13.100000000000474,500,93.0982905982906,136,0.576271186440678,5
46,0.6,500,100,220,0,220,120,100,31,169,3343.599999999994,22294,13343.600000005135,0.5985287521308484,,,101.33636363636364,120,0.5454545454545454,6
47,0.6,500,100,226,0,226,126,100,25,175,3617.9999999999923,22753,13618.000000005302,0.5985144816070541,,,100.67699115044248,126,0.5575221238938053,3
48,0.6,500,100,233,0,233,133,100,22,178,3721.7999999999915,22922,13721.800000005369,0.5986301369865356,,,98.37768240343348,133,0.5708154506437768,4
49,0.6,500,100,237,0,237,137,100,23,177,3344.39999999999,22295,13344.400000005136,0.5985377887421007,,,94.07172995780591,137,0.5780590717299579,5
50,0.6,500,100,237,0,237,137,100,20,180,3788.799999999992,23035,13788.80000000541,0.5986021271979775,,,97.19409282700423,137,0.5780590717299579,3
51,0.6,500,100,232,0,232,132,100,33,167,3510.7999999999947,22575,13510.800000005236,0.598485049834119,,,97.30603448275862,132,0.5689655172413793,6
42,0.8,500,100,204,0,204,104,100,67,133,2620.5999999999985,15903,12620.5999999973,0.7935986920705087,,,77.95588235294117,104,0.5098039215686274,3
43,0.8,500,100,215,0,215,115,100,55,145,2915.5999999999967,16274,12915.599999997045,0.7936340174509675,,,75.69302325581396,115,0.5348837209302325,5
44,0.8,500,100,203,0,203,103,100,48,152,3220.599999999998,16648,13220.59999999676,0.7941254204707329,,,82.00985221674877,103,0.5073891625615764,2
45,0.8,500,100,213,0,213,113,100,49,151,2999.1999999999975,16376,12999.19999999696,0.7937957987296629,,,76.88262910798122,113,0.5305164319248826,4
46,0.8,500,100,201,0,201,101,100,60,140,2810.199999999998,16135,12810.199999997125,0.793938642702022,,,80.27363184079601,101,0.5024875621890548,3
47,0.8,500,100,204,0,204,104,100,38,162,3482.7999999999975,16977,13482.799999996518,0.794180361665578,,,83.22058823529412,104,0.5098039215686274,3
48,0.8,500,100,219,0,219,119,100,39,161,3497.5999999999967,17007,13497.599999996502,0.7936496736635799,,,77.65753424657534,119,0.54337899543379,4
49,0.8,500,100,212,0,212,112,100,55,145,2817.7999999999965,16151,12817.799999997127,0.7936226859016239,,,76.18396226415095,112,0.5283018867924528,3
50,0.8,500,100,219,0,219,119,100,39,161,3541.399999999998,17056,13541.39999999647,0.7939376172605811,,,77.88127853881278,119,0.54337899543379,4
51,0.8,500,100,197,1,196,97,99,74,126,2623.1999999999985,15877,12603.199999997325,0.7938023556085737,20.00000000000134,500,78.45408163265306,97,0.49238578680203043,3
