organism_id,parent_id,generation,alive_at_end,age_at_end,offspring_count,speed,vision,metabolism,size,reproduction_threshold,mutation_rate
0,,0,False,209,0,0.27502931836911926,0.22321073814882275,0.7364712141640124,0.6766994874229113,0.8921795677048454,0.08693883262941615
1,,0,True,500,2,0.21863797480360336,0.5053552881033624,0.026535969683863625,0.1988376506866485,0.6498844377795232,0.5449414806032167
2,,0,False,125,0,0.8094304566778266,0.006498759678061017,0.8058192518328079,0.6981393949882269,0.3402505165179919,0.15547949981178155
3,,0,False,118,0,0.09274584338014791,0.09671637683346401,0.8474943663474598,0.6037260313668911,0.8071282732743802,0.7297317866938179
4,,0,False,187,0,0.3785343772083535,0.552040631273227,0.8294046642529949,0.6185197523642461,0.8617069003107772,0.577352145256762
5,,0,False,126,3,0.22789827565154686,0.28938796360210717,0.0797919769236275,0.23279088636103018,0.10100142940972912,0.2779736031100921
6,,0,False,215,2,0.37018096711688264,0.2095070307714877,0.26697782204911336,0.936654587712494,0.6480353852465935,0.6091310056669882
7,,0,False,102,0,0.1634024937619284,0.3794554417576478,0.9895233506365952,0.6399997598540929,0.5569497437746462,0.6846142509898746
8,,0,False,127,2,0.22904807196410437,0.03210024390403776,0.3154530480590819,0.26774087597570273,0.21098284358632646,0.9429097143350544
9,,0,False,51,2,0.65543866529488,0.39563190106066426,0.9145475897405435,0.4588518525873988,0.26488016649805246,0.24662750769398345
10,,0,False,423,0,0.5845859902235405,0.897822883602477,0.39940050514039727,0.21932075915728333,0.9975376064951103,0.5095262936764645
11,,0,False,58,2,0.10964913035065915,0.62744604170309,0.7920793643629641,0.42215996679968404,0.06352770615195713,0.38161928650653676
12,,0,True,500,5,0.9710783776136181,0.8607797022344981,0.011481021942819636,0.7207218193601946,0.6817103690265748,0.5369703304087952
13,,0,False,221,0,0.11155217359587644,0.434765250669105,0.45372370632920644,0.9538159275210801,0.8758529403781941,0.26338905075109076
14,,0,False,135,2,0.9126278393448205,0.8705185698367669,0.2984447914486329,0.6389494948660052,0.6089702114381723,0.1528392685496348
15,,0,True,500,3,0.7786264786305582,0.5303536721951775,0.0005718961279435053,0.3241560570046731,0.019476742385832302,0.9290986162646171
16,,0,False,114,0,0.30751412540266143,0.05792516649418755,0.8780095992040405,0.9469494452979941,0.08565345206787878,0.4859904633166138
17,,0,False,85,2,0.7658344293069878,0.1283914644997628,0.4752823780987313,0.5498035934949439,0.2650566289400591,0.8724330410852574
18,,0,True,500,0,0.5392960887794583,0.7299310690899762,0.2011510633896959,0.31171629130089495,0.9951493566608947,0.6498780576394535
19,,0,False,208,1,0.12100419586826572,0.22469733703155736,0.33808556214745533,0.5883087184572333,0.230114732596577,0.22021738445155947
20,,0,False,146,0,0.22894178381115438,0.905420013006128,0.8596354002537465,0.07085734988865344,0.23800463436899522,0.6689777782962806
21,,0,False,149,1,0.935514240580671,0.5710430933252845,0.47267102631179414,0.7846194242907534,0.8074969977666434,0.1904099143618777
22,,0,False,206,0,0.4235786230199208,0.467024668036675,0.7290758494598506,0.6733645472933015,0.9841652113659661,0.09841787115195888
23,,0,False,296,2,0.8616725363527911,0.24865633392028563,0.1902089084408115,0.4486135478331319,0.4218816398344042,0.27854514466694047
24,,0,False,192,0,0.44313074505345695,0.8613491047618306,0.5503253124498481,0.05058832952488124,0.9992824684127266,0.8360275850799519
25,,0,False,145,1,0.8486957344143055,0.16631111060391401,0.48564112545071847,0.21374729919918167,0.4010402925494526,0.058635399972178925
26,,0,False,220,0,0.26520305817215195,0.7840706019485694,0.4550083673391433,0.4230074859901629,0.9573176408596732,0.9954226894927138
27,,0,False,104,0,0.15479682527406413,0.2967078254945642,0.9687093649691588,0.5791802908162562,0.5421952013742742,0.7479755603790641
28,,0,False,83,3,0.5028503829195136,0.8527198920482854,0.15743272793948326,0.9607789032744504,0.08011146524058688,0.1858249609807232
29,,0,False,113,0,0.2352038950009312,0.11988661394712419,0.8902873141294375,0.24621534778862486,0.5945191535334412,0.6193815103321031
30,,0,False,49,3,0.5227827155319589,0.9347062577364272,0.20425919942353643,0.7161918007894148,0.23868595261584602,0.3957858467912545
31,,0,True,500,0,0.31617719627185403,0.7518644924144021,0.07254311449315731,0.4582855226185861,0.9984544408544423,0.9960964478550944
32,,0,False,114,0,0.26520041475040135,0.9332593779937091,0.8808641736864395,0.8792702424845428,0.36952708873888396,0.15774683235723197
33,,0,False,230,0,0.6116777657259501,0.9872330636315043,0.6539763177107326,0.007823107152157949,0.8171041351154616,0.2993787521999779
34,,0,False,94,3,0.13429111439336772,0.11542867041910221,0.10703597770941764,0.5532236408848159,0.2723482123148163,0.6048298270302239
35,,0,False,428,1,0.6342379588850797,0.2639839016304094,0.48853185214937656,0.9053364910793232,0.8461037132948555,0.09229846771273342
36,,0,False,157,0,0.0035456890877823,0.7711192230196271,0.6371133773013796,0.2619552624343482,0.7412309083479308,0.5516804211263913
37,,0,False,111,0,0.07524386007376704,0.883106393300143,0.9039285715598931,0.5455902892055223,0.8345950198860167,0.582509566489794
38,,0,False,126,0,0.3082583499301337,0.89898148874259,0.7961223048880417,0.8607025820009028,0.8989246365264746,0.21007653833975404
39,,0,False,25,3,0.7801162418714427,0.8841347014510089,0.4063773898321168,0.6206615101507128,0.15455333833220464,0.9298810156936744
40,,0,True,500,6,0.8107717199403969,0.8814162046633244,0.024786361898188725,0.7365644717550821,0.33218546794642867,0.9308158860483255
41,,0,False,203,0,0.810749316574389,0.26680570959447203,0.7873745091354711,0.10809562640295711,0.8721667829060897,0.8585932513377816
42,,0,False,51,2,0.4603032346789421,0.30519086733860057,0.7953454991528618,0.22759548740777036,0.02366443470145152,0.19312978832770866
43,,0,False,190,0,0.9668891040483611,0.2791249927218714,0.6414817386076277,0.39967838436006087,0.9811496871982601,0.5362157324787219
44,,0,False,127,2,0.970400611022228,0.17856781617246364,0.9625343157615555,0.2654663625229686,0.1084025472147111,0.43456375856464435
45,,0,False,130,2,0.6062088533061433,0.5114230596694781,0.38519543334472717,0.5765880434965995,0.25472250613858194,0.7087852838341706
46,,0,False,129,1,0.5384519970927919,0.7194299991448455,0.7419500778394765,0.6706285044329995,0.3642214717812642,0.06997381112631018
47,,0,False,139,0,0.31391564505835967,0.8480152795063355,0.7197542630139502,0.3003222682112642,0.30928466220865325,0.40839290861921684
48,,0,False,107,0,0.12728779905915322,0.4204463337729083,0.940363670730183,0.6773179452727329,0.9028055457325826,0.6155149159513805
49,,0,False,233,0,0.0004059396972875273,0.2869137168689272,0.4298881499898346,0.579984781195682,0.6547056237030716,0.4649881902470142
50,,0,False,140,0,0.47318618590932626,0.9011808258282542,0.7960247601267803,0.16969139619805473,0.08479553672512175,0.5154520099152164
51,,0,False,77,2,0.8184234645366643,0.7511381375407322,0.672795670557167,0.22464066599728827,0.19912993272657664,0.024425387726826342
52,,0,False,157,2,0.8497376946247319,0.0728282291845691,0.41444101099771935,0.6297653807377137,0.1944352367397093,0.6963542504905049
53,,0,False,134,0,0.6560580111117841,0.00554481813803176,0.7509644766184729,0.7700461885740251,0.10658729656353894,0.4251461939427341
54,,0,False,161,2,0.5179577504437408,0.05021838514064092,0.24919827965997166,0.8483363473516597,0.45646182547017256,0.8014166017222645
55,,0,False,135,1,0.5954523184694197,0.9500396084431559,0.891425925810437,0.6126523227617628,0.7192739612759671,0.504778164824402
56,,0,False,177,3,0.8972081032332622,0.7436554421595849,0.4746744368230533,0.25919154846501935,0.24723973750965955,0.6376614367761563
57,,0,False,139,3,0.6267484369817813,0.2745974469175383,0.07748335386473582,0.2857281508631525,0.2717151070821846,0.3197095684187623
58,,0,False,100,1,0.23126147972818678,0.6939498122990523,0.7064191416945522,0.06422885071387807,0.4075993696665867,0.5426111405039153
59,,0,False,172,0,0.4201435177734256,0.9048384783401769,0.5840794142042252,0.6955229864979681,0.8567320323039342,0.7655945761180695
60,,0,False,112,1,0.3517588026718247,0.7534751250593859,0.8534479505691046,0.9534303384701063,0.41902128262982186,0.7475156689780508
61,,0,False,135,3,0.2205386943238189,0.21942163462143616,0.4358359760466366,0.02902481994671524,0.33612954369838244,0.6791418850283497
62,,0,False,121,2,0.46739014923231015,0.1276277972811607,0.6222569609740647,0.02696645190513769,0.3940202563397047,0.5643919830247741
63,,0,False,199,3,0.13569948723056424,0.4616984440515117,0.05028463348862755,0.37910386418813957,0.21166028421148153,0.32684580488130854
64,,0,False,117,3,0.7520098235547849,0.8319242851552726,0.2522715317823806,0.08190623276164255,0.01938328705001069,0.5394190479225337
65,,0,False,154,0,0.650144093249875,0.7812330496108949,0.6517546552438894,0.7542332040595262,0.9496117327159889,0.1993606823625329
66,,0,False,178,0,0.12622097487420625,0.6694588446199107,0.5639695819300191,0.21796454090650363,0.6994649712461508,0.7668980983562408
67,,0,False,56,2,0.7479256519552858,0.11453287137889767,0.8193011743110851,0.9647207730340877,0.10809874965760657,0.025678425497466018
68,,0,False,166,1,0.9581728382058959,0.3966544415166273,0.7150147050494684,0.07599647784305996,0.6906144159329803,0.6272423956010444
69,,0,True,500,1,0.8502932390887963,0.6004116148168441,0.12105506506731512,0.9838443515146713,0.7826353463610196,0.347203765308449
70,,0,False,148,0,0.5059607896770779,0.3412311748612832,0.8495756269995773,0.8223309180900581,0.10553887064399858,0.9607875672145786
71,,0,False,26,3,0.7073086437060769,0.43548714500767705,0.7337953040133919,0.9654737312380777,0.27008239638740084,0.8081992188067559
72,,0,False,299,3,0.4355744930038943,0.7310262143051223,0.26839553804922534,0.8517131600193318,0.8307310188906034,0.0866628980556744
73,,0,False,317,1,0.46470846660323173,0.6103317042305206,0.37898930412826404,0.02869999777008958,0.8509528363124591,0.1818398571576918
74,,0,False,58,2,0.34033884316428364,0.8803199797582254,0.7011837503322016,0.2762685757561849,0.010151114438677111,0.9480625777770312
75,,0,False,58,2,0.48857784684878736,0.7581646534824664,0.690609339446523,0.6459028997409523,0.49082133507858616,0.7929328681323174
76,,0,False,177,1,0.6917871552952018,0.3062060301300884,0.5815555853323672,0.47326048875952476,0.5309219311457678,0.42550381270521476
77,,0,False,160,2,0.7028549421857689,0.27091642697619633,0.2514036762009415,0.12065588475230582,0.1925842934515174,0.11955474125505283
78,,0,False,310,0,0.18514984243766197,0.21638463987860568,0.4841985872127087,0.7245850010930516,0.9766070228830568,0.5246368691086079
79,,0,False,223,2,0.19411757809107344,0.2274831634825547,0.17944154368540333,0.014148367256063832,0.5341350892676633,0.2743113267832673
80,,0,False,116,0,0.6974173929101944,0.1262794929584089,0.868461197262944,0.49087869452377886,0.8727197349985346,0.5740642196263323
81,,0,False,107,0,0.18436367039008172,0.051376717183577836,0.9410635967681032,0.4777291872656877,0.8221156452994304,0.40070744225193977
82,,0,False,178,0,0.05360907429253314,0.14919758447365516,0.5628395970845642,0.3038355118422277,0.9939181227102202,0.11845156221146158
83,,0,False,67,3,0.7907408298434194,0.22568713706503463,0.5225725351302178,0.45051446488875424,0.44272100401932835,0.8601666658261801
84,,0,False,97,1,0.6210273210721485,0.6096309122451303,0.740089305484545,0.947590200325378,0.20778790582355133,0.211025195305393
85,,0,True,500,2,0.17381354832643447,0.07506486890116792,0.002675722602885733,0.4505037046177024,0.5938111951195633,0.2912592890310276
86,,0,False,139,1,0.7029875580937172,0.45403132640704325,0.6873849200712427,0.9239110444825487,0.7878280266467313,0.6250580071642219
87,,0,False,194,0,0.42513896610421165,0.5445623787105787,0.6476347234024807,0.9084114452126061,0.8266311596500596,0.07140983685581415
88,,0,False,243,1,0.7489577220696233,0.5692070493190924,0.28861058830584174,0.12435365817470823,0.6886779912120937,0.6997336849757173
89,,0,False,251,3,0.4937952193450843,0.08044185189930098,0.03986078418361305,0.43202866416077257,0.32232158335829997,0.2503679024120039
90,,0,False,211,0,0.8359586139061813,0.5751991092199304,0.9507862778063524,0.9995724168774514,0.6722815843032393,0.2695110259670539
91,,0,False,104,1,0.47050082325163356,0.6515094894336864,0.9160727879267675,0.18148914722312592,0.5853296252778544,0.6347847194540869
92,,0,False,105,1,0.34796105629465046,0.333308393665092,0.6701335095211854,0.8577330944003526,0.3298036635789654,0.6936736739834325
93,,0,False,133,2,0.8135660347379726,0.5500966089717829,0.45482590860172945,0.3145171571701679,0.3232737862759947,0.9701847268085771
94,,0,False,65,3,0.9881192147817541,0.657660386483129,0.542593594357195,0.4132475707993215,0.18758254139452712,0.36177935915167525
95,,0,False,128,1,0.759990536061017,0.20355823835027387,0.5492196390853317,0.9276727608444477,0.43811609507237825,0.6982500291221723
96,,0,False,253,2,0.6088716670819649,0.23929746232765037,0.1583781638052324,0.55083900700267,0.552251409053733,0.09320920128152255
97,,0,False,85,1,0.4614478941787834,0.11746614908955755,0.8321431737689012,0.49837550470719527,0.7166033259917911,0.5088720150695117
98,,0,False,142,1,0.9802446326033755,0.24373090607513836,0.5512650768804697,0.3835860132471499,0.9218681499315619,0.508240891592894
99,,0,False,157,2,0.27624740282204097,0.7900061820031135,0.41494242355134514,0.9342483936825201,0.5077376758096565,0.8205494731855784
100,14,1,False,269,0,0.9126278393448205,0.8705185698367669,0.2984447914486329,0.6389494948660052,0.6089702114381723,0.1528392685496348
101,14,1,False,185,0,0.9126278393448205,0.8705185698367669,0.2984447914486329,0.6389494948660052,0.6089702114381723,0.1528392685496348
102,21,1,False,212,1,0.9377892913530654,0.5710430933252845,0.47267102631179414,0.7846194242907534,0.8074969977666434,0.1904099143618777
103,96,1,False,348,0,0.6088716670819649,0.23929746232765037,0.1583781638052324,0.55083900700267,0.552251409053733,0.05369091715868469
104,96,1,False,195,0,0.5227478385053692,0.23929746232765037,0.15440512579180446,0.55083900700267,0.6815846527470265,0.09320920128152255
105,72,1,False,250,0,0.4355744930038943,0.7310262143051223,0.12029473175097827,0.8517131600193318,0.8307310188906034,0.0866628980556744
106,88,1,False,347,1,0.9194301052290862,0.698887399567887,0.28861058830584174,0.15963694921821733,0.7553762203727896,0.6415349781562926
107,55,1,False,34,0,0.5954523184694197,0.9500396084431559,0.883050465631151,0.6126523227617628,0.6579340750829901,0.616870366929353
108,39,1,False,119,0,0.8431037332171222,0.8197705872529947,0.25260791616862044,0.8328089768852031,0.0,0.7972775434382758
109,39,1,False,88,0,0.8581116235240642,0.740036960942771,0.3425943326032208,0.5373304096531302,0.18401243503791193,0.9298810156936744
110,39,1,False,109,0,0.842989402075909,1.0,0.5082738622779895,0.7087474295730587,0.1758458230040843,0.8873536078656099
111,97,1,False,40,0,0.5030659680614866,0.08459436590004024,0.7662395057014776,0.4973716772820489,0.7166033259917911,0.3997079773736372
112,75,1,False,52,0,0.39117186937220255,0.712014976505815,0.5864709685668276,0.6440007798978395,0.3300350108993873,0.6687578940785696
113,75,1,False,96,0,0.4372286471346393,0.7530145384572005,0.5766251460663707,0.6459028997409523,0.5283968348550383,0.7929328681323174
114,71,1,False,134,1,0.6302966934978369,0.494104781389751,0.7477504201372027,1.0,0.24138971596904868,0.8565145016282825
115,71,1,False,40,0,0.5716711625447661,0.43548714500767705,0.7604563630063215,1.0,0.46169532695631554,0.8202589418505717
116,71,1,False,48,0,0.6346361117273909,0.4964784564032253,0.6331167382643172,0.8236163703574759,0.19774917138578846,0.7299144731387549
117,30,1,False,123,1,0.5227827155319589,1.0,0.20425919942353643,0.7161918007894148,0.23868595261584602,0.3957858467912545
118,30,1,False,226,1,0.5227827155319589,1.0,0.2222172640999236,0.7161918007894148,0.23868595261584602,0.3957858467912545
119,30,1,False,134,0,0.5227827155319589,0.9347062577364272,0.22461360308856682,0.7161918007894148,0.23868595261584602,0.3957858467912545
120,9,1,False,33,0,0.5455233494676841,0.4488422267167873,0.9145475897405435,0.4588518525873988,0.26488016649805246,0.24662750769398345
121,9,1,False,43,0,0.65543866529488,0.39563190106066426,0.713144865901015,0.4588518525873988,0.26488016649805246,0.24662750769398345
122,79,1,False,446,0,0.19411757809107344,0.2274831634825547,0.17944154368540333,0.014148367256063832,0.5341350892676633,0.2743113267832673
123,79,1,False,168,0,0.04542558956121795,0.2274831634825547,0.17944154368540333,0.0,0.5341350892676633,0.2743113267832673
124,83,1,False,74,0,0.7587652567624437,0.007749382378295033,0.40924881985063616,0.3144558977486912,0.34298432874966317,0.9268446356741618
125,83,1,False,83,0,0.7426620297102524,0.24536431803909936,0.3642939191621344,0.6366609067634693,0.35116029442455415,0.8899658000452496
126,83,1,False,100,0,0.7451580904554473,0.47581003012949674,0.30267280401670604,0.42589423121247805,0.42292750143363783,0.7935430446570024
127,98,1,False,146,0,1.0,0.24373090607513836,0.5512650768804697,0.3835860132471499,0.9218681499315619,0.508240891592894
128,15,1,True,471,1,0.9184102593954069,0.49133944284378317,0.0,0.37090628195411574,0.3058087742250119,0.8345409534850448
129,15,1,True,470,0,0.7821798562372746,0.6226497563507357,0.041028109558558366,0.2372267833821881,0.07403646180185985,0.9130496688665567
130,15,1,False,74,1,0.8144540746083533,0.38481128606646775,0.0,0.45176867015134636,0.0,1.0
131,72,1,False,112,0,0.4355744930038943,0.9298256442520118,0.26839553804922534,0.8517131600193318,0.8307310188906034,0.0866628980556744
132,63,1,True,467,0,0.18972102741738664,0.4616984440515117,0.05028463348862755,0.37910386418813957,0.21166028421148153,0.32684580488130854
133,63,1,True,466,0,0.13569948723056424,0.4616984440515117,0.05028463348862755,0.37910386418813957,0.21166028421148153,0.32684580488130854
134,63,1,True,465,0,0.13569948723056424,0.4616984440515117,0.05028463348862755,0.37910386418813957,0.19090011300874393,0.42693093921011116
135,51,1,False,45,0,0.8184234645366643,0.7511381375407322,0.672795670557167,0.22464066599728827,0.19912993272657664,0.024425387726826342
136,51,1,False,82,0,0.8184234645366643,0.7511381375407322,0.672795670557167,0.22464066599728827,0.19912993272657664,0.024425387726826342
137,94,1,False,172,0,0.9881192147817541,0.6972236454901859,0.46610429880517357,0.4132475707993215,0.18758254139452712,0.36177935915167525
138,72,1,False,299,0,0.4355744930038943,0.7310262143051223,0.26839553804922534,0.8517131600193318,0.8307310188906034,0.04604873949591572
139,94,1,False,56,0,0.9881192147817541,0.657660386483129,0.542593594357195,0.4132475707993215,0.18758254139452712,0.36177935915167525
140,89,1,True,459,0,0.40597004564627487,0.08044185189930098,0.03986078418361305,0.43202866416077257,0.32232158335829997,0.2503679024120039
141,89,1,True,458,0,0.4578577064977463,0.08044185189930098,0.03986078418361305,0.43202866416077257,0.32232158335829997,0.16934129973055234
142,89,1,True,457,0,0.4937952193450843,0.08044185189930098,0.0,0.43202866416077257,0.40188308608736434,0.2503679024120039
143,67,1,False,37,0,0.7479256519552858,0.11453287137889767,0.8193011743110851,0.9647207730340877,0.10809874965760657,0.025678425497466018
144,67,1,False,37,0,0.7479256519552858,0.11453287137889767,0.8193011743110851,0.9647207730340877,0.10809874965760657,0.025678425497466018
145,74,1,False,45,0,0.30373243385220444,0.8274018015289871,0.6705471607417111,0.306919900136265,0.0,0.9937826087876248
146,74,1,False,63,0,0.32491135496597234,0.9154860848951308,0.47890333890356607,0.3266627345312842,0.030943970005326477,0.8840858165404268
147,42,1,False,38,0,0.4603032346789421,0.30519086733860057,0.7953454991528618,0.22759548740777036,0.02366443470145152,0.19312978832770866
148,42,1,False,38,0,0.4603032346789421,0.30519086733860057,0.7953454991528618,0.22759548740777036,0.02366443470145152,0.19312978832770866
149,86,1,False,44,0,0.5989881148094272,0.45403132640704325,0.6873849200712427,1.0,0.8919721430896729,0.6250580071642219
150,128,2,True,449,4,1.0,0.5564736763475687,0.0,0.36974586816233235,0.23642370737798393,0.7608935431871716
151,12,1,True,448,0,0.9408335927990128,0.8607797022344981,0.0,0.6956916125966036,0.6817103690265748,0.5382965189371756
152,12,1,True,447,0,0.9710783776136181,0.8607797022344981,0.0013746102647783885,0.8064895699239751,0.6817103690265748,0.5369703304087952
153,11,1,False,39,0,0.10964913035065915,0.62744604170309,0.7722925940021039,0.42215996679968404,0.06352770615195713,0.38161928650653676
154,11,1,False,51,0,0.10964913035065915,0.6261754033401045,0.5892041391703506,0.3814760541322396,0.06352770615195713,0.5112737059293783
155,58,1,False,40,0,0.4120517934769432,0.6204715017284356,0.7516678088445223,0.1029470817336761,0.4713419105356933,0.5426111405039153
156,94,1,False,56,0,0.9881192147817541,0.657660386483129,0.542593594357195,0.4132475707993215,0.33798160100089314,0.36177935915167525
157,28,1,False,159,1,0.5028503829195136,0.7717523386756991,0.15743272793948326,0.9607789032744504,0.08011146524058688,0.1858249609807232
158,28,1,False,131,0,0.5028503829195136,0.8527198920482854,0.23011448577252802,0.9607789032744504,0.08011146524058688,0.1858249609807232
159,28,1,False,191,0,0.5028503829195136,0.8527198920482854,0.15743272793948326,0.9607789032744504,0.08011146524058688,0.1858249609807232
160,91,1,False,88,0,0.47050082325163356,0.6515094894336864,0.9160727879267675,0.18148914722312592,0.5853296252778544,0.6347847194540869
161,92,1,False,54,0,0.336409717983249,0.2946690864506629,0.556738015925514,0.8227316503948224,0.27266719712805043,0.800580379344511
162,34,1,False,240,0,0.13429111439336772,0.16540891898075274,0.12525584567457823,0.41383677845884104,0.218375973290961,0.604612202669879
163,34,1,False,89,0,0.13429111439336772,0.12319740167732052,0.33729301598967565,0.3727999966478729,0.29532406677709494,0.6048298270302239
164,34,1,False,281,0,0.13429111439336772,0.16423998058295455,0.10703597770941764,0.7791171148316341,0.2723482123148163,0.7294782751070171
165,54,1,False,67,0,0.7112619346605707,0.05021838514064092,0.4482896125304081,0.8483363473516597,0.4361885713587065,0.6983322018140296
166,54,1,False,411,0,0.6385417714835318,0.0,0.07312375540620741,0.8483363473516597,0.30138217619167146,0.7110635487079049
167,6,1,False,319,0,0.30964943015609625,0.21427356334113817,0.09404677797496402,0.936654587712494,0.7613889097359916,0.5434300152130435
168,6,1,False,152,0,0.37018096711688264,0.2095070307714877,0.1982977548751228,0.9781150193228346,0.6422779507674652,0.6091310056669882
169,99,1,False,81,0,0.27624740282204097,0.7282201085869312,0.37150731856090746,1.0,0.5108802788851986,0.8205494731855784
170,99,1,False,73,0,0.27624740282204097,0.6767766896776135,0.41494242355134514,0.9838957247500649,0.5634085421753936,0.9916791248366776
171,17,1,False,66,0,0.6748485339697299,0.1059413752257389,0.4578752057697684,0.4226286435518868,0.18703170465245,0.943338364099239
172,17,1,False,119,0,0.7189598248381802,0.13442460480570295,0.25361900213801225,0.4908962762337322,0.30978990837586495,0.7310235042998738
173,57,1,False,323,1,0.6267484369817813,0.3050416951920531,0.07748335386473582,0.2857281508631525,0.2717151070821846,0.3197095684187623
174,57,1,False,388,0,0.6740370565336677,0.2745974469175383,0.07748335386473582,0.2857281508631525,0.3334145491929749,0.3197095684187623
175,57,1,False,158,0,0.6267484369817813,0.2745974469175383,0.1908083968267945,0.2857281508631525,0.2717151070821846,0.08500428999145793
176,68,1,False,123,0,1.0,0.3966544415166273,0.6526756595881518,0.21357185752051383,0.6906144159329803,0.6272423956010444
177,84,1,False,36,0,0.4231637870392361,0.631179180184889,0.8483119828849713,0.947590200325378,0.20778790582355133,0.211025195305393
178,102,2,False,170,0,0.9377892913530654,0.5495090321230179,0.47267102631179414,0.7846194242907534,0.8074969977666434,0.1904099143618777
179,46,1,False,75,0,0.5384519970927919,0.7194299991448455,0.7419500778394765,0.6706285044329995,0.3642214717812642,0.06997381112631018
180,73,1,False,80,0,0.46470846660323173,0.6103317042305206,0.37898930412826404,0.02869999777008958,0.7289593395151532,0.1818398571576918
181,8,1,False,194,0,0.2419808605094604,0.036858936760589225,0.1551706493076052,0.3384088606314468,0.31219740144293745,1.0
182,8,1,False,103,0,0.2666861072442478,0.04343682597872435,0.291618299598685,0.2576905473588651,0.34010023276068485,0.9110255177564951
183,77,1,False,120,0,0.7028549421857689,0.27091642697619633,0.2514036762009415,0.12065588475230582,0.1925842934515174,0.11955474125505283
184,77,1,False,189,0,0.7028549421857689,0.268286612055795,0.1593072789104646,0.12065588475230582,0.08366875502132032,0.11955474125505283
185,95,1,False,66,0,0.759990536061017,0.1188895771847348,0.4575329478383955,0.8959349005748213,0.31268207923594515,0.8159326133837158
186,40,1,True,413,0,0.7769653423508917,0.7437421250659264,0.03278983945435495,0.7428984780880581,0.3255804123305655,0.9837245816576838
187,40,1,True,412,0,0.7839198736812152,0.9165253483328085,0.0,0.7914115531093039,0.5087086602144929,0.9308158860483255
188,40,1,True,411,1,0.6844353514388443,0.8452955087990053,0.026347875684093833,0.6967504776126706,0.3361431003398797,0.8359188898105794
189,35,1,False,113,0,0.5393007811125748,0.2639839016304094,0.48853185214937656,0.9053364910793232,0.8461037132948555,0.09229846771273342
190,60,1,False,30,0,0.3517588026718247,0.6492645380183047,1.0,1.0,0.36090934224177385,0.6167485715100205
191,45,1,False,78,0,0.6062088533061433,0.5188196292986131,0.38519543334472717,0.6395648014806223,0.25472250613858194,0.7077029230535
192,45,1,False,62,0,0.6062088533061433,0.5114230596694781,0.487834529848789,0.4311075514868574,0.22984911966949959,0.7809420288137446
193,64,1,False,119,0,0.7520098235547849,0.7354071713526692,0.2522715317823806,0.08190623276164255,0.01938328705001069,0.5394190479225337
194,64,1,False,119,0,0.7520098235547849,0.9013048352649005,0.2522715317823806,0.08190623276164255,0.0012336301266637414,0.5394190479225337
195,64,1,False,123,0,0.7520098235547849,0.8079087649003794,0.24571040573883102,0.20128617287093353,0.01938328705001069,0.5394190479225337
196,76,1,False,79,0,0.6917871552952018,0.3062060301300884,0.696371296719341,0.47160310049253185,0.5309219311457678,0.504650904445419
197,62,1,False,49,0,0.326203846587532,0.02144760521106709,0.6222569609740647,0.04298960834592925,0.41227763228439723,0.5643919830247741
198,62,1,False,44,0,0.46739014923231015,0.0816718626592115,0.6908106724447237,0.02696645190513769,0.5022474944421719,0.6216507591783162
199,85,1,True,400,0,0.17381354832643447,0.07506486890116792,0.002675722602885733,0.5815803214236898,0.5661773321634783,0.2912592890310276
200,85,1,True,399,0,0.17381354832643447,0.2285837900076894,0.0,0.4505037046177024,0.5938111951195633,0.2912592890310276
201,93,1,False,97,0,0.711704508814423,0.6110977831377167,0.31073713309670825,0.3607214360865014,0.35050181982521156,1.0
202,93,1,False,89,0,0.9539323383380887,0.4487682554553123,0.33915854505806475,0.3145171571701679,0.26840514623546147,0.9737606866880784
203,130,2,False,24,1,0.7488722297323757,0.39117322346607897,0.0,0.36762955092110405,0.0,1.0
204,52,1,False,73,0,0.904090029098516,0.0728282291845691,0.41444101099771935,0.726049252135647,0.3245860529528297,0.6963542504905049
205,52,1,False,109,2,0.8497376946247319,0.18642361650385264,0.41444101099771935,0.7102035626488485,0.04827259995041905,0.6963542504905049
206,157,2,False,191,0,0.5359667861321666,0.7717523386756991,0.15743272793948326,0.9607789032744504,0.08011146524058688,0.1858249609807232
207,69,1,True,392,0,0.8128679690207484,0.609760930273896,0.12105506506731512,1.0,0.7826353463610196,0.3236736670634096
208,23,1,False,271,0,0.8616725363527911,0.24865633392028563,0.11097906813591112,0.4486135478331319,0.4218816398344042,0.2535911392249537
209,23,1,False,158,0,0.8616725363527911,0.3925783286156074,0.1902089084408115,0.4486135478331319,0.3271949092972426,0.27854514466694047
210,5,1,False,376,0,0.12396757428600289,0.28938796360210717,0.0797919769236275,0.23279088636103018,0.10100142940972912,0.2779736031100921
211,5,1,False,376,0,0.22789827565154686,0.28938796360210717,0.0797919769236275,0.23279088636103018,0.10100142940972912,0.2095094133075559
212,5,1,False,376,0,0.22789827565154686,0.28938796360210717,0.0797919769236275,0.23279088636103018,0.10100142940972912,0.2779736031100921
213,1,1,True,386,1,0.21863797480360336,0.4903114698314184,0.026535969683863625,0.0,0.7335568715739972,0.5449414806032167
214,1,1,True,385,0,0.21863797480360336,0.5053552881033624,1.0360628153648077e-05,0.1988376506866485,0.6498844377795232,0.5768274307946599
215,61,1,False,90,0,0.2581209436571009,0.24367118790683437,0.3351460169219723,0.0,0.3080104937628259,0.6791418850283497
216,61,1,False,66,1,0.2627226504652521,0.21942163462143616,0.3790539245776866,0.09137890930067058,0.33612954369838244,0.6791418850283497
217,61,1,False,70,0,0.17447889443783832,0.18116177812281234,0.43339196013421594,0.0,0.3796638486320352,0.8876758299700621
218,25,1,False,62,0,0.8486957344143055,0.16631111060391401,0.48564112545071847,0.21374729919918167,0.4010402925494526,0.058635399972178925
219,117,2,True,380,0,0.5227827155319589,1.0,0.036828296486965506,0.7161918007894148,0.12661354336407657,0.3957858467912545
220,44,1,False,32,0,0.970400611022228,0.17856781617246364,0.9625343157615555,0.2654663625229686,0.1084025472147111,0.43456375856464435
221,44,1,False,32,0,1.0,0.17856781617246364,0.9625343157615555,0.2654663625229686,0.1084025472147111,0.505630581952557
222,19,1,False,89,0,0.12100419586826572,0.22469733703155736,0.33808556214745533,0.5883087184572333,0.230114732596577,0.22021738445155947
223,114,2,False,80,1,0.6624021041457182,0.5383410543199795,0.6319169553515753,1.0,0.11103610479614426,0.83220106083238
224,56,1,False,64,0,0.7051513488919431,0.883001791373598,0.4746744368230533,0.309387628488863,0.25707364769683977,0.6491333358284845
225,56,1,False,64,0,0.781842906721749,0.7436554421595849,0.4746744368230533,0.3791868707890381,0.24723973750965955,0.527654623705774
226,203,3,False,276,1,0.8012088798124314,0.31609394626712795,0.09061154483616239,0.3661317322553391,0.04657923275096304,1.0
227,150,3,False,4,1,1.0,0.6115477093696374,0.0,0.33957066931323954,0.23642370737798393,0.7210715124648037
228,150,3,True,371,0,1.0,0.49731670937960193,0.0,0.3405933158142821,0.3334670999253344,0.7608935431871716
229,150,3,False,7,1,1.0,0.5000446960503309,0.0,0.4306602264109226,0.05561874667540695,0.7608935431871716
230,227,4,False,2,1,1.0,0.8083197302515447,0.0,0.2022287630618425,0.19973537628674715,0.6351900405930214
231,230,5,False,259,0,1.0,0.8169647927355493,0.11606841275251784,0.2022287630618425,0.19973537628674715,0.8229633664190213
232,12,1,False,222,0,0.9710783776136181,0.759499883132751,0.13523484664852836,0.8584782592627542,0.6817103690265748,0.6086319507016938
233,12,1,True,366,1,0.9710783776136181,0.8607797022344981,0.0,0.780756464406331,0.6817103690265748,0.5369703304087952
234,56,1,False,66,0,0.9276489197810641,0.8102033376536516,0.45963877136636966,0.3019085539903075,0.24723973750965955,0.6376614367761563
235,229,4,False,3,1,1.0,0.5985286394510358,0.0,0.45700751636870784,0.05561874667540695,0.7608935431871716
236,205,2,False,71,0,0.8497376946247319,0.13051451102877082,0.42814778243313406,0.640632678690153,0.0,0.47944448336920287
237,235,5,False,2,1,1.0,0.487845143570213,0.0,0.45700751636870784,0.05561874667540695,0.7910347567868807
238,237,6,True,361,0,0.9885630895392663,0.5202608893428073,0.061509503238648636,0.4767533839561697,0.03785980046435018,0.7622179866637099
239,223,3,False,46,1,0.7613460038623161,0.6297981756639746,0.5509310924104482,1.0,0.0,0.7215272458093038
240,150,3,False,2,1,0.9682095778741437,0.5976064535964835,0.0,0.5783847883192056,0.23642370737798393,0.8027149812582599
241,240,4,False,2,1,0.574482118579297,0.5976064535964835,0.0,0.6487523932434388,0.23642370737798393,0.8011195146036644
242,241,5,True,349,0,0.5818664469832668,0.6847850760885084,0.0,0.5639179933427128,0.38911921555688145,0.8011195146036644
243,216,2,False,69,1,0.45234477648606874,0.20331320281424065,0.3670913566701604,0.0,0.21702152545363768,0.7442643166038675
244,213,2,True,336,0,0.21863797480360336,0.4903114698314184,0.026535969683863625,0.0,0.7335568715739972,0.3544393631051565
245,239,4,False,54,1,0.9218447790616042,0.6052666255355065,0.463843547538288,1.0,0.10605180868846285,0.6333439179492414
246,106,2,True,330,0,0.9220623389262315,0.698887399567887,0.294001492005761,0.15963694921821733,0.7553762203727896,0.6777628656576281
247,226,4,False,187,1,0.8808858190945646,0.3975747766883617,0.13395462544349318,0.5468495969234931,0.0038881959084591314,0.9922318092567342
248,118,2,False,136,0,0.5357779519969257,1.0,0.2222172640999236,0.7161918007894148,0.23868595261584602,0.3957858467912545
249,233,2,True,322,0,0.9710783776136181,0.8607797022344981,0.0,0.780756464406331,0.6825053382833338,0.5449010011748746
250,205,2,False,48,0,0.8249026504004111,0.18642361650385264,0.6269572803559431,0.7102035626488485,0.15655911970059996,0.6963542504905049
251,173,2,True,303,0,0.6267484369817813,0.3050416951920531,0.07748335386473582,0.15366788500455933,0.2717151070821846,0.3197095684187623
252,243,3,False,91,0,0.6886964443939586,0.09271771813190605,0.3314157103874997,0.15882791990094758,0.31452768573272705,0.8001053334169522
253,245,5,False,48,1,0.9608221599471334,0.6052666255355065,0.5258113502896457,1.0,0.05790820405221011,0.586097868033225
254,40,1,False,167,1,0.854338186822273,0.9712922422944669,0.1503564899428925,0.7735210801637128,0.23563256351151646,1.0
255,247,5,False,115,1,0.917880024106067,0.4051664138958207,0.21787778017034515,0.6739029126868855,0.03206049039122192,1.0
256,253,6,False,58,0,0.9608221599471334,0.6052666255355065,0.5197030226276408,1.0,0.05790820405221011,0.586097868033225
257,40,1,True,261,0,0.8029051000613909,0.8046429439943823,0.08985867423163742,0.5402167805672432,0.3850296621204743,0.827552411121848
258,255,6,False,123,0,0.9031424042071561,0.4433590583979616,0.24570122494905433,0.8125066052969815,0.0,0.9266262546386174
259,40,1,True,245,0,0.7031147593617625,0.7995717324876026,0.08290901151595294,0.8447199506669841,0.36679538676754825,0.8376394952806929
260,254,2,True,214,1,1.0,1.0,0.11093983566590687,0.8098581726454644,0.16521988010007216,1.0
261,260,3,True,125,0,1.0,0.9414266140366557,0.10530285950466846,0.938368959491191,0.31219212085289716,1.0
262,188,2,True,76,0,0.6844353514388443,1.0,0.07920283940872469,0.5905647448237936,0.430904443416966,0.8543433478083223
263,12,1,True,57,0,1.0,0.8607797022344981,0.011481021942819636,0.9022546843088771,0.7495205221639305,0.5369703304087952
