metabolism,seed,ticks,initial_population,total_population,living_population,dead_population,births,initial_dead,survival_fraction,average_energy_living,average_age_living,average_age_dead,average_generation_living,maximum_generation,total_offspring,average_offspring_per_organism
0.05,42,500,100,351,312,39,251,35,0.8888888888888888,18.417788461538525,395.54487179487177,244.25641025641025,1.0032051282051282,4,251,0.7150997150997151
0.05,43,500,100,358,317,41,258,37,0.8854748603351955,16.97444794952684,394.2870662460568,262.0243902439024,0.9873817034700315,5,258,0.7206703910614525
0.05,44,500,100,369,331,38,269,31,0.8970189701897019,17.39788519637468,389.1570996978852,244.89473684210526,0.9848942598187311,4,269,0.7289972899728997
0.05,45,500,100,372,328,44,272,36,0.8817204301075269,17.621951219512223,385.9634146341463,256.47727272727275,1.1067073170731707,6,272,0.7311827956989247
0.05,46,500,100,354,325,29,254,26,0.9180790960451978,17.90138461538469,398.68,244.17241379310346,0.9938461538461538,6,254,0.7175141242937854
0.05,47,500,100,350,316,34,250,25,0.9028571428571428,18.853955696202608,400.69303797468353,255.55882352941177,0.9493670886075949,4,250,0.7142857142857143
0.05,48,500,100,349,312,37,249,32,0.8939828080229226,18.215384615384664,399.08012820512823,238.1891891891892,0.9230769230769231,4,249,0.7134670487106017
0.05,49,500,100,361,319,42,261,39,0.8836565096952909,16.34827586206896,391.91222570532915,253.73809523809524,0.9968652037617555,4,261,0.7229916897506925
0.05,50,500,100,373,337,36,273,29,0.903485254691689,17.464243323442194,388.919881305638,244.94444444444446,1.0148367952522255,4,273,0.7319034852546917
0.05,51,500,100,363,323,40,263,33,0.8898071625344353,18.727244582043404,391.75232198142413,255.35,1.0402476780185759,4,263,0.7245179063360881
0.2,42,500,100,301,19,282,201,85,0.06312292358803986,16.06315789473606,463.89473684210526,193.25177304964538,0.47368421052631576,5,201,0.6677740863787376
0.2,43,500,100,320,8,312,220,93,0.025,18.39999999999917,495.25,192.81089743589743,0.125,4,220,0.6875
0.2,44,500,100,307,18,289,207,88,0.05863192182410423,12.866666666666053,424.6111111111111,196.9273356401384,0.5555555555555556,5,207,0.6742671009771987
0.2,45,500,100,312,10,302,212,95,0.03205128205128205,24.47999999999942,424,203.0066225165563,0.9,6,212,0.6794871794871795
0.2,46,500,100,301,17,284,201,90,0.05647840531561462,14.317647058823013,385.3529411764706,204.61971830985917,0.8823529411764706,5,201,0.6677740863787376
0.2,47,500,100,298,15,283,198,90,0.050335570469798654,16.70666666666594,453,203.37455830388691,0.4,3,198,0.6644295302013423
0.2,48,500,100,313,17,296,213,89,0.054313099041533544,13.752941176469907,439.5882352941176,196.07094594594594,0.47058823529411764,4,213,0.6805111821086262
0.2,49,500,100,313,14,299,213,90,0.04472843450479233,10.571428571427848,451,191.66889632107024,0.35714285714285715,5,213,0.6805111821086262
0.2,50,500,100,311,14,297,211,91,0.04501607717041801,10.999999999999316,453.35714285714283,201.37373737373738,0.5714285714285714,4,211,0.6784565916398714
0.2,51,500,100,321,20,301,221,87,0.06230529595015576,14.789999999999324,438.7,191.26910299003322,0.65,4,221,0.6884735202492211
0.4,42,500,100,257,0,257,157,100,0.0,,,127.75875486381322,,4,157,0.6108949416342413
0.4,43,500,100,269,1,268,169,99,0.0037174721189591076,4.19999999999926,500,124.67164179104478,0,5,169,0.6282527881040892
0.4,44,500,100,271,3,268,171,99,0.01107011070110701,17.26666666666671,235,126.47014925373135,1.6666666666666667,3,171,0.6309963099630996
0.4,45,500,100,266,1,265,166,100,0.0037593984962406013,75.8000000000004,323,124.35849056603773,1,6,166,0.6240601503759399
0.4,46,500,100,257,1,256,157,99,0.0038910505836575876,28.200000000000202,500,130.34375,0,4,157,0.6108949416342413
0.4,47,500,100,261,2,259,161,99,0.007662835249042145,11.099999999999875,431,129.3050193050193,0.5,5,161,0.6168582375478927
0.4,48,500,100,266,2,264,166,99,0.007518796992481203,20.59999999999946,485,126.79545454545455,0.5,4,166,0.6240601503759399
0.4,49,500,100,269,1,268,169,100,0.0037174721189591076,1.6000000000000396,71,123.06716417910448,2,4,169,0.6282527881040892
0.4,50,500,100,270,0,270,170,100,0.0,,,128.2074074074074,,4,170,0.6296296296296297
0.4,51,500,100,268,2,266,168,99,0.007462686567164179,18.499999999999716,303,129.68796992481202,0.5,4,168,0.6268656716417911
0.6,42,500,100,234,0,234,134,100,0.0,,,94.44444444444444,,5,134,0.5726495726495726
0.6,43,500,100,236,0,236,136,100,0.0,,,94.67372881355932,,5,136,0.576271186440678
0.6,44,500,100,229,2,227,129,98,0.008733624454148471,19.699999999999932,500,94.53744493392071,0,3,129,0.5633187772925764
0.6,45,500,100,236,2,234,136,98,0.00847457627118644,13.100000000000474,500,93.0982905982906,0,5,136,0.576271186440678
0.6,46,500,100,220,0,220,120,100,0.0,,,101.33636363636364,,6,120,0.5454545454545454
0.6,47,500,100,226,0,226,126,100,0.0,,,100.67699115044248,,3,126,0.5575221238938053
0.6,48,500,100,233,0,233,133,100,0.0,,,98.37768240343348,,4,133,0.5708154506437768
0.6,49,500,100,237,0,237,137,100,0.0,,,94.07172995780591,,5,137,0.5780590717299579
0.6,50,500,100,237,0,237,137,100,0.0,,,97.19409282700423,,3,137,0.5780590717299579
0.6,51,500,100,232,0,232,132,100,0.0,,,97.30603448275862,,6,132,0.5689655172413793
0.8,42,500,100,204,0,204,104,100,0.0,,,77.95588235294117,,3,104,0.5098039215686274
0.8,43,500,100,215,0,215,115,100,0.0,,,75.69302325581396,,5,115,0.5348837209302325
0.8,44,500,100,203,0,203,103,100,0.0,,,82.00985221674877,,2,103,0.5073891625615764
0.8,45,500,100,213,0,213,113,100,0.0,,,76.88262910798122,,4,113,0.5305164319248826
0.8,46,500,100,201,0,201,101,100,0.0,,,80.27363184079601,,3,101,0.5024875621890548
0.8,47,500,100,204,0,204,104,100,0.0,,,83.22058823529412,,3,104,0.5098039215686274
0.8,48,500,100,219,0,219,119,100,0.0,,,77.65753424657534,,4,119,0.54337899543379
0.8,49,500,100,212,0,212,112,100,0.0,,,76.18396226415095,,3,112,0.5283018867924528
0.8,50,500,100,219,0,219,119,100,0.0,,,77.88127853881278,,4,119,0.54337899543379
0.8,51,500,100,197,1,196,97,99,0.005076142131979695,20.00000000000134,500,78.45408163265306,0,3,97,0.49238578680203043
