seed,ticks,initial_population,total_population,living_population,dead_population,births,deaths,survival_fraction,maximum_generation,initial_speed,living_speed,all_speed,reproduction_correlation_speed,survival_correlation_speed,initial_vision,living_vision,all_vision,reproduction_correlation_vision,survival_correlation_vision,initial_metabolism,living_metabolism,all_metabolism,reproduction_correlation_metabolism,survival_correlation_metabolism,initial_size,living_size,all_size,reproduction_correlation_size,survival_correlation_size,initial_reproduction_threshold,living_reproduction_threshold,all_reproduction_threshold,reproduction_correlation_reproduction_threshold,survival_correlation_reproduction_threshold,initial_mutation_rate,living_mutation_rate,all_mutation_rate,reproduction_correlation_mutation_rate,survival_correlation_mutation_rate
42,500,100,264,42,222,164,222,0.1590909090909091,6,0.5027608712132315,0.6411024817732088,0.587012710545984,0.11702238869330443,0.08351380133960865,0.47776169008373054,0.61173435824338,0.49598301130690226,0.017310049040759154,0.17466592928760763,0.5416207132267521,0.04569633558411111,0.40288936639379735,-0.15235966000351603,-0.526085427126947,0.5133118876105179,0.5275792215453345,0.5208175152497958,-0.01243778726955015,0.01003697808244315,0.5189741593104215,0.46694825973290205,0.40029952535502067,-0.1627233988404938,0.10300128863002808,0.49419175021958595,0.6083200157200385,0.5314002032871462,0.059531514449643615,0.11820414703971213
43,500,100,285,41,244,185,244,0.14385964912280702,5,0.47751394752365167,0.5163099022157092,0.5324523807512659,0.08051087169461782,-0.023742586337441366,0.5065884358894304,0.5072869240831119,0.5462130919650754,0.05509967984492657,-0.05662514939201559,0.47109161951062295,0.049186637374516576,0.4061761498766372,-0.08960838069913932,-0.5072681547478941,0.481266608395253,0.4105635048302499,0.4673833783487454,-0.03185512303597504,-0.08489227546574671,0.4801170861371006,0.49491721367967767,0.3862979614105045,-0.14147022571316975,0.1706909856506028,0.48508211010303076,0.5681662103958743,0.4506802978046562,-0.02889656441130274,0.16576138061924856
44,500,100,294,38,256,194,256,0.1292517006802721,8,0.486060595792537,0.7067381392355984,0.5587757895978971,0.09611887023298515,0.18650676707591624,0.5324699096691313,0.4733515305606774,0.480932881167849,-0.04979048477523725,-0.010503953536079264,0.4974490613597682,0.07710236557811348,0.37132622987800956,-0.19419216243502338,-0.38431860490147784,0.44459727794781867,0.25818409650608787,0.4206737472464677,-0.03422799439061471,-0.19025850821165527,0.4918173496702597,0.5178735310088997,0.3684349773752793,-0.1622169912069105,0.20207996683941823,0.46357932333027435,0.5488618933133086,0.514264791968247,0.06707104255145295,0.0421300298429456
45,500,100,266,37,229,166,229,0.13909774436090225,11,0.5097692092129631,0.5444441506489799,0.5662192380549839,0.061925836403468534,-0.02748876811930573,0.497789840185929,0.4885291630426048,0.47185317609148647,-0.043536230455699966,0.025616294584558965,0.5376060246311861,0.06217917660773878,0.47958952813681044,-0.07791126735725284,-0.5530818670583635,0.49598657554455367,0.5592419285839871,0.4589885345355515,-0.06184238107432851,0.1544388007561932,0.4937901725243454,0.6339517648280019,0.41179279795965545,-0.1385149856725367,0.3251713550991053,0.4856393473855547,0.319204471543135,0.46148686190236066,-0.026589265745599576,-0.1975292133911368
46,500,100,275,49,226,175,226,0.1781818181818182,7,0.47379701447196815,0.6660368166287081,0.5201902554659186,0.06405203620283081,0.22046494412984785,0.5422438427171812,0.5152083466482559,0.5484056874953543,-0.004365463280309025,-0.05163679981325817,0.4799923725560467,0.07513276131843745,0.4052035232195243,-0.10082436224061177,-0.5358923510765171,0.47841131393322356,0.5567640881533782,0.46730141729874775,-0.03164249262981655,0.1445886108330808,0.5286668638357426,0.557947924762035,0.44745742401543526,-0.123837510966532,0.20400229274077597,0.4455341864741969,0.5055482357133754,0.436451605488038,0.0016614892886165683,0.10119171681067245
47,500,100,263,60,203,163,203,0.22813688212927757,5,0.5586297994616362,0.5565553356779834,0.604404120222989,0.080180449585683,-0.0977719907536376,0.49801406036283524,0.4335478707595616,0.48687138289785303,-0.021233693758232305,-0.10043456051723441,0.4995748418747192,0.04597302759993395,0.38562822306401895,-0.14876383404444835,-0.5692930954676134,0.4925429629085423,0.3991599534245359,0.4833238176052541,-0.009059973250958671,-0.15725193663438403,0.5346003267044682,0.46469763143699716,0.45326710195380887,-0.12030927723351163,0.022425886501207238,0.4717968191996104,0.5139041119798824,0.5093296285447614,0.05960122229624364,0.008508592547434106
48,500,100,285,48,237,185,237,0.16842105263157894,5,0.5463240943224142,0.4758661257871134,0.5922599946697696,0.054771283093959566,-0.16463656944694402,0.4886301259478797,0.44959091215481134,0.48568898270781186,-0.004697649954610191,-0.059567824410245156,0.5084876466566184,0.06604587933113139,0.4156407823485565,-0.12931993507404574,-0.5417768723807749,0.5266468939774609,0.49722614609938187,0.49156478332640713,-0.032909853798371615,0.009592053852409157,0.5220329426304511,0.4924701115310519,0.4296339494690435,-0.15840488630541388,0.1048968285157671,0.4914376750691422,0.5330304192433871,0.49225778626443756,-0.014462335819024138,0.06327840123134633
49,500,100,288,39,249,188,249,0.13541666666666666,6,0.5439331384640462,0.604088605676714,0.590053491946838,0.07081127789128167,0.020691152826329582,0.501317444899849,0.5573249218140995,0.5188930353344674,0.02540955055214551,0.05183304021276988,0.4939379801749677,0.0577974289242218,0.3867063082570989,-0.1375782036751699,-0.4494373503799391,0.4891468492320409,0.40816776955331824,0.480180116032364,-0.01971622445437372,-0.10930191990959326,0.4586675881814056,0.44857071386188174,0.37535425056463323,-0.11513237877740873,0.11280088638478775,0.5332418674577527,0.5859342335879525,0.5320856644653454,0.017291117299352687,0.08267208339155178
50,500,100,265,35,230,165,230,0.1320754716981132,3,0.5137516600821214,0.5927067349007779,0.5488918008002801,0.057740604276335775,0.06091176160770941,0.5077795263672487,0.3824078065308803,0.5037872549215177,-0.0008731914787853155,-0.15631099784486033,0.5058570942149951,0.056808690270912385,0.4386200969780433,-0.08112929588191733,-0.5040707557830423,0.5376929159349761,0.4277430933494925,0.49435481910763124,-0.05075051987711452,-0.08574405115490882,0.49037268037222737,0.5715382745668312,0.42977665394510767,-0.10256270314233794,0.21177573074892414,0.4908744810990838,0.4133628664062881,0.4919553215353991,0.022166558431410105,-0.11128168529705186
51,500,100,282,40,242,182,242,0.14184397163120568,5,0.4895740683412455,0.6620857826504818,0.5606632896883056,0.07740729480381198,0.13087457671317046,0.49410205731767626,0.5907088110068512,0.5080855933558295,0.026475876675830422,0.1245923909510725,0.487087971599261,0.06164099490390266,0.3962481482199854,-0.12978240909716604,-0.5085649052533029,0.43248484833486095,0.5333621062182669,0.43921174578936056,0.02398819068302989,0.1397891303064643,0.5150589059702732,0.45855224436265235,0.40493291407254195,-0.1529749196123919,0.07811610533737387,0.5495882309035393,0.7344234844017236,0.5783270661983934,0.025823349946259656,0.22090324303392767
52,500,100,265,42,223,165,223,0.15849056603773584,6,0.5190048670564362,0.6587114432673479,0.5921247481595129,0.1071253400106445,0.10098708815812409,0.49028239897282583,0.5208248437228116,0.5112034199039439,0.023324217502816047,0.014375988903026467,0.49877143513601335,0.048990240783741784,0.4080795090719658,-0.11693043878290965,-0.5161682058617459,0.5166504412946684,0.5688938055513518,0.5103711504906626,3.280469734943109e-05,0.08455746040121233,0.4979743710363454,0.5368726586084017,0.3885909958853036,-0.16327477866265783,0.22373955740051973,0.5180076980006503,0.6100566824739017,0.5222898569380227,0.014759474617821924,0.14294485374690005
53,500,100,273,48,225,173,225,0.17582417582417584,8,0.5269725042337494,0.6149120406404428,0.5748886738312663,0.0924708093056217,0.06593793280298244,0.4980152270783191,0.5811055722824858,0.5094536214410653,0.010130066987350271,0.11930705965250897,0.5148865109012126,0.04775664252604889,0.4203790764973626,-0.14854196082793353,-0.5603362309790738,0.5379820810349455,0.3988211512472969,0.5247115089506671,-0.03061186902059671,-0.205380215703069,0.5080679808637864,0.4003285302464694,0.3900028075722531,-0.15550838751413382,0.01735366079934511,0.5008144413310704,0.41452529861098514,0.4964240846965628,0.01846855927259029,-0.14042048850508834
54,500,100,282,40,242,182,242,0.14184397163120568,5,0.505783266694453,0.6449247028458664,0.5570493866082431,0.08292324432689849,0.116768618904798,0.5028670341195279,0.6340161933559068,0.5248471720332388,0.023183587850814532,0.1465144514398705,0.5157032750851217,0.07830901273544777,0.425125461924504,-0.12701481837569678,-0.48611408093947484,0.5165125792275393,0.5455049339754655,0.5216415449445609,-0.003954628738467332,0.035205895863522074,0.4542399202858653,0.42812987126646984,0.3582326609239691,-0.1269430429481839,0.1095383723955124,0.5603042481175512,0.6038347890428889,0.5541323261546192,0.010019984389657979,0.06702129644061083
55,500,100,262,32,230,162,230,0.12213740458015267,9,0.5260252245411362,0.6556825470683261,0.576120305005944,0.0901191805963886,0.10999795143191408,0.5327531209610391,0.5146907227931363,0.5279717200999644,0.020505730333320035,-0.017194525781213034,0.5274959915975885,0.08272483646561009,0.4490348847990043,-0.1289427617049069,-0.4782991772008259,0.5013390917471541,0.5954431769391831,0.4972848157147713,0.008428498187362733,0.1275441204783929,0.48985310431552603,0.5659187720204046,0.41561584557848386,-0.09717102393094272,0.19813646102733123,0.5232341285652431,0.7163801381905224,0.5550717821459448,0.048021729300248964,0.2022067752975645
56,500,100,292,56,236,192,236,0.1917808219178082,9,0.49081436364317516,0.5931935244259544,0.5501976643942829,0.08438901777538661,0.0725508654209751,0.5115214539663798,0.5419161104641099,0.49936404134483586,-0.013634404342586018,0.07499158299726523,0.4981695794070381,0.04070851427362256,0.38614526428838064,-0.13171777983661112,-0.5503453152696314,0.5230817698655392,0.6206094173863868,0.5553945449348825,0.044748935407301835,0.10962201957030998,0.46647023544656185,0.4692370757166622,0.36805197190124284,-0.12875178321833175,0.19270257614858796,0.4989983100657531,0.46294381043867266,0.5232485865656352,0.04514957153705119,-0.10003888770193972
57,500,100,267,47,220,167,220,0.1760299625468165,5,0.5111071412557124,0.6084854899819806,0.5187069095895426,0.010661725308688355,0.15595033380128073,0.5368741863838739,0.5121641562660644,0.52980671094742,0.004246258755044473,-0.029308784546550466,0.4848384897184612,0.06974120318738329,0.3927867746298072,-0.13663592897231744,-0.5090449658371304,0.4872026122642042,0.43222602563167184,0.4738685626658789,0.012685388104070173,-0.06580772611498739,0.4925190882702585,0.5375749309537843,0.4171511797367664,-0.11928573358387784,0.19618280845343067,0.515032073478357,0.534679749389741,0.5300693315945392,0.02322893667911591,0.008000280254823241
58,500,100,270,43,227,170,227,0.15925925925925927,8,0.5274900593215578,0.7182176616362593,0.5747008357081546,0.10087551922509995,0.23355928545800658,0.4984576341679198,0.6254529232999384,0.5017882979379021,0.014859332559563558,0.19151843564676777,0.5363494596983954,0.04489840389513621,0.4363876456382689,-0.13439338793279676,-0.5823779818445028,0.5019997887740293,0.4413778027092657,0.5000714849081604,-0.022562072192016305,-0.09733543270534582,0.4816975160821303,0.518573357654423,0.3864448575044205,-0.13164592115869392,0.21563165690194191,0.5531358779807839,0.6115427212181394,0.5731833306479408,0.046736976045171574,0.06277803531312254
59,500,100,262,25,237,162,237,0.09541984732824428,4,0.5336407367738087,0.6410599023978928,0.5498692423639836,0.025515289500673333,0.10559415526045848,0.4883525577431394,0.5093415469955431,0.5036097582938034,0.03173648411941716,0.0065420170679087,0.5403951948635319,0.07379437480737372,0.46468233240506085,-0.12660905782100257,-0.4393699128537711,0.4713492166677927,0.500734568321217,0.479256423437058,0.01585409312996149,0.025094984558251723,0.4807664698072226,0.5862480394977897,0.41766582762061577,-0.10888068170189252,0.19866827964404232,0.513299318798946,0.44990353898670743,0.5152642772016661,0.007778998236805762,-0.07074615995946867
60,500,100,253,25,228,153,228,0.09881422924901186,3,0.5119745285572682,0.564218126428586,0.5580594397032732,0.06964667147913206,0.006789232453225606,0.5072934460421917,0.4410214843469973,0.530410279903011,0.03520711485642392,-0.10132145332041179,0.5144798773328719,0.08140943943731718,0.45896112699247277,-0.11593493124026305,-0.48856983499411744,0.48362884206810053,0.3241272996014352,0.47054202891310265,-0.000536927728694309,-0.18080184116865383,0.5025680333006939,0.6320495149992962,0.419245640173503,-0.11617431191180737,0.24280342091652396,0.49788888925422015,0.6619567479398788,0.5180217320408496,0.03000514824284742,0.17531837553176885
61,500,100,265,33,232,165,232,0.12452830188679245,6,0.5084949212208933,0.6147900895318462,0.5419975973360076,0.02932889354229666,0.093215743861696,0.4949033736193532,0.48118123825030407,0.5311463843330798,0.037569917534470594,-0.061502310866601066,0.5090268903628269,0.06551258244730596,0.4217737489181572,-0.1196546366775509,-0.46315598749135684,0.5203821632829052,0.4725176360912462,0.5358440725652625,0.024847553894900152,-0.07859608924076485,0.4559505565444371,0.4673899393167893,0.3759788362090408,-0.10971329636081882,0.13833026139574653,0.4947308744444321,0.4355120413869896,0.4970471696598934,0.015512310834963194,-0.0806300086794632
