seed,tick,total_population,living_population,dead_population,cumulative_births,cumulative_deaths,average_energy,average_age,average_generation,maximum_generation,speed,vision,metabolism,size,reproduction_threshold,mutation_rate
123,0,100,100,0,0,0,100.0,0,0,0,0.48077954323797334,0.5052365343963724,0.4902747574446228,0.5182270556109846,0.44968309013673974,0.465396513558498
123,25,125,121,4,25,4,72.90277411424232,22.31404958677686,0.2066115702479339,1,0.4775291934598771,0.4908336209550889,0.5168090820796346,0.5253434040274199,0.44373625619736917,0.4674900861777356
123,50,150,139,11,50,11,55.88233691375759,41.15107913669065,0.3237410071942446,1,0.4846085302731417,0.5073752039031348,0.46911042091266275,0.540615041696644,0.4419256357774979,0.45214575851224775
123,75,175,145,30,75,30,45.86435858863734,56.855172413793106,0.4,1,0.5008778119853226,0.5295697277377682,0.42937471432390184,0.5539335587950511,0.4449442414576606,0.4701243778173162
123,100,200,149,51,100,51,36.62697109577912,70.64429530201342,0.47651006711409394,2,0.5270250343467805,0.5292615051412785,0.41034681758951735,0.5630632050475511,0.429581695212678,0.441520301530372
123,125,225,149,76,125,76,30.403476257452425,83.19463087248322,0.5704697986577181,2,0.5459312160974332,0.5190922632948729,0.3491631861207322,0.5427706427618296,0.4570670142847113,0.4435229718660642
123,150,250,140,110,150,110,26.527779184314284,89.04285714285714,0.7428571428571429,3,0.5732336552721898,0.5308476210811598,0.2682125279871743,0.5504502658694886,0.4408796181909594,0.4139992256271027
123,175,275,131,144,175,144,24.880772191831028,104.3969465648855,0.9465648854961832,9,0.5786143313681579,0.5369029979672141,0.2168399992957798,0.5368416976927823,0.42350602749040883,0.4128974963215573
123,200,285,116,169,185,169,24.977845269520706,125.89655172413794,1.0344827586206897,10,0.5661683733608627,0.5337387024782295,0.19007276203123064,0.5460550174689538,0.4347869900212356,0.4127089088045272
123,225,292,101,191,192,191,25.70095043770492,145.2871287128713,1.2178217821782178,12,0.5776645801747339,0.5226807190691362,0.15333326560809366,0.5812612575841873,0.4585935310357441,0.4244546669430713
123,250,294,97,197,194,197,24.460574826618167,167.05154639175257,1.268041237113402,12,0.5842468095469643,0.5290555145327914,0.1354188901556963,0.5736449724086411,0.46290147980498036,0.42429162821242966
123,275,294,83,211,194,211,25.51608447457915,186.72289156626505,1.3734939759036144,12,0.5908488917609008,0.5195954963579226,0.11684170042033772,0.5825826503461928,0.4852998104716728,0.426555589864045
123,300,295,74,221,195,221,27.438094795026128,210.75675675675674,1.3918918918918919,12,0.5721706342350285,0.5107689617756961,0.10750618499020166,0.5895487761115539,0.520339540845379,0.4585518074838685
123,325,296,71,225,196,225,26.596130033500383,230.3661971830986,1.4507042253521127,12,0.5594481578059725,0.517484954471506,0.09618131230984502,0.5859171153067616,0.5048335565337703,0.45722872663379144
123,350,297,67,230,197,230,26.518459994742564,248.76119402985074,1.5223880597014925,12,0.5686623113808074,0.517902304364396,0.08775662096493189,0.5790877349775029,0.4933577525141837,0.4599991155462782
123,375,298,66,232,198,232,25.11629292427727,271.06060606060606,1.5303030303030303,12,0.5684732039116901,0.528047219788857,0.08609489021070792,0.5761073410160239,0.5072659957129089,0.4426795298850347
123,400,308,65,243,208,243,25.324691968234912,280.0923076923077,1.676923076923077,12,0.5658651383918868,0.5455177124946992,0.0797373109347591,0.5707849040554025,0.483459951338447,0.4568470262741577
123,425,308,63,245,208,245,24.927866291996992,301.7936507936508,1.7142857142857142,12,0.5747189400897341,0.5491745105522541,0.07717144666511376,0.5731583981235195,0.47870495541036984,0.4636661100866116
123,450,309,57,252,209,252,26.518542728728416,320.1929824561403,1.631578947368421,10,0.5815594392428622,0.536656389924135,0.06402651610966797,0.5745421278215342,0.4885827133341399,0.4811201761929171
123,475,310,55,255,210,255,26.827874734090397,337.1454545454545,1.709090909090909,10,0.5918698985093624,0.5390867329879664,0.05957387000577048,0.5853683893990014,0.47255593900587745,0.481663118144866
123,500,310,55,255,210,255,25.338527983946136,362.1454545454545,1.709090909090909,10,0.5918698985093624,0.5390867329879664,0.05957387000577048,0.5853683893990014,0.47255593900587745,0.481663118144866
